X,Y,month,day,FFMC,DMC,DC,ISI,N temp,N RH,N wind,N rain,N area,temp,RH,wind,rain,area
7,5,mar,fri,86.2,26.2,94.3,5.1,0.263665595,0.6,0.744444444,0,0,8.2,51,6.7,0,0
7,4,oct,tue,90.6,35.4,669.1,6.7,0.578778135,0.388235294,0.1,0,0,18,33,0.9,0,0
7,4,oct,sat,90.6,43.7,686.9,6.7,0.469453376,0.388235294,0.144444444,0,0,14.6,33,1.3,0,0
8,6,mar,fri,91.7,33.3,77.5,9,0.266881029,1.141176471,0.444444444,0.03125,0,8.3,97,4,0.2,0
8,6,mar,sun,89.3,51.3,102.2,9.6,0.366559486,1.164705882,0.2,0,0,11.4,99,1.8,0,0
8,6,aug,sun,92.3,85.3,488,14.7,0.713826367,0.341176471,0.6,0,0,22.2,29,5.4,0,0
8,6,aug,mon,92.3,88.9,495.6,8.5,0.774919614,0.317647059,0.344444444,0,0,24.1,27,3.1,0,0
8,6,aug,mon,91.5,145.4,608.2,10.7,0.257234727,1.011764706,0.244444444,0,0,8,86,2.2,0,0
8,6,sep,tue,91,129.5,692.6,7,0.421221865,0.741176471,0.6,0,0,13.1,63,5.4,0,0
7,5,sep,sat,92.5,88,698.6,7.1,0.733118971,0.470588235,0.444444444,0,0,22.8,40,4,0,0
7,5,sep,sat,92.5,88,698.6,7.1,0.572347267,0.6,0.8,0,0,17.8,51,7.2,0,0
7,5,sep,sat,92.8,73.2,713,22.6,0.620578778,0.447058824,0.444444444,0,0,19.3,38,4,0,0
6,5,aug,fri,63.5,70.8,665.3,0.8,0.546623794,0.847058824,0.744444444,0,0,17,72,6.7,0,0
6,5,sep,mon,90.9,126.5,686.5,7,0.68488746,0.494117647,0.244444444,0,0,21.3,42,2.2,0,0
6,5,sep,wed,92.9,133.3,699.6,9.2,0.848874598,0.247058824,0.5,0,0,26.4,21,4.5,0,0
6,5,sep,fri,93.3,141.2,713.9,13.9,0.736334405,0.517647059,0.6,0,0,22.9,44,5.4,0,0
5,5,mar,sat,91.7,35.8,80.8,7.8,0.485530547,0.317647059,0.6,0,0,15.1,27,5.4,0,0
8,5,oct,mon,84.9,32.8,664.2,3,0.536977492,0.552941176,0.544444444,0,0,16.7,47,4.9,0,0
6,4,mar,wed,89.2,27.9,70.8,6.3,0.511254019,0.411764706,0.444444444,0,0,15.9,35,4,0,0
6,4,apr,sat,86.3,27.4,97.1,5.1,0.29903537,0.517647059,0.5,0,0,9.3,44,4.5,0,0
6,4,sep,tue,91,129.5,692.6,7,0.588424437,0.470588235,0.3,0,0,18.3,40,2.7,0,0
5,4,sep,mon,91.8,78.5,724.3,9.2,0.61414791,0.447058824,0.3,0,0,19.1,38,2.7,0,0
7,4,jun,sun,94.3,96.3,200,56.1,0.675241158,0.517647059,0.5,0,0,21,44,4.5,0,0
7,4,aug,sat,90.2,110.9,537.4,6.2,0.627009646,0.505882353,0.644444444,0,0,19.5,43,5.8,0,0
7,4,aug,sat,93.5,139.4,594.2,20.3,0.762057878,0.376470588,0.644444444,0,0,23.7,32,5.8,0,0
7,4,aug,sun,91.4,142.4,601.4,10.6,0.524115756,0.705882353,0.6,0,0,16.3,60,5.4,0,0
7,4,sep,fri,92.4,117.9,668,12.2,0.610932476,0.4,0.644444444,0,0,19,34,5.8,0,0
7,4,sep,mon,90.9,126.5,686.5,7,0.623794212,0.564705882,0.144444444,0,0,19.4,48,1.3,0,0
6,3,sep,sat,93.4,145.4,721.4,8.1,0.971061093,0.282352941,0.3,0,0,30.2,24,2.7,0,0
6,3,sep,sun,93.5,149.3,728.6,8.1,0.733118971,0.458823529,0.4,0,0,22.8,39,3.6,0,0
6,3,sep,fri,94.3,85.1,692.3,15.9,0.816720257,0.282352941,0.4,0,0,25.4,24,3.6,0,0
6,3,sep,mon,88.6,91.8,709.9,7.1,0.360128617,0.917647059,0.844444444,0,0,11.2,78,7.6,0,0
6,3,sep,fri,88.6,69.7,706.8,5.8,0.662379421,0.435294118,0.2,0,0,20.6,37,1.8,0,0
6,3,sep,sun,91.7,75.6,718.3,7.8,0.569131833,0.458823529,0.4,0,0,17.7,39,3.6,0,0
6,3,sep,mon,91.8,78.5,724.3,9.2,0.681672026,0.376470588,0.3,0,0,21.2,32,2.7,0,0
6,3,sep,tue,90.3,80.7,730.2,6.3,0.585209003,0.729411765,0.5,0,0,18.2,62,4.5,0,0
6,3,oct,tue,90.6,35.4,669.1,6.7,0.697749196,0.282352941,0.5,0,0,21.7,24,4.5,0,0
7,4,oct,fri,90,41.5,682.6,8.7,0.363344051,0.705882353,0.6,0,0,11.3,60,5.4,0,0
7,3,oct,sat,90.6,43.7,686.9,6.7,0.572347267,0.317647059,0.444444444,0,0,17.8,27,4,0,0
4,4,mar,tue,88.1,25.7,67.6,3.8,0.453376206,0.505882353,0.3,0,0,14.1,43,2.7,0,0
4,4,jul,tue,79.5,60.6,366.7,1.5,0.749196141,0.435294118,0.344444444,0,0,23.3,37,3.1,0,0
4,4,aug,sat,90.2,96.9,624.2,8.9,0.591639871,0.494117647,0.744444444,0,0,18.4,42,6.7,0,0
4,4,aug,tue,94.8,108.3,647.1,17,0.533762058,0.635294118,0.6,0,0,16.6,54,5.4,0,0
4,4,sep,sat,92.5,88,698.6,7.1,0.63022508,0.564705882,0.3,0,0,19.6,48,2.7,0,0
4,4,sep,wed,90.1,82.9,735.7,6.2,0.414790997,0.870588235,0.544444444,0,0,12.9,74,4.9,0,0
5,6,sep,wed,94.3,85.1,692.3,15.9,0.832797428,0.282352941,0.444444444,0,0,25.9,24,4,0,0
5,6,sep,mon,90.9,126.5,686.5,7,0.47266881,0.823529412,0.4,0,0,14.7,70,3.6,0,0
6,6,jul,mon,94.2,62.3,442.9,11,0.739549839,0.423529412,0.344444444,0,0,23,36,3.1,0,0
4,4,mar,mon,87.2,23.9,64.7,4.1,0.379421222,0.411764706,0.2,0,0,11.8,35,1.8,0,0
4,4,mar,mon,87.6,52.2,103.8,5,0.353697749,0.541176471,0.644444444,0,0,11,46,5.8,0,0
4,4,sep,thu,92.9,137,706.4,9.2,0.668810289,0.2,0.144444444,0,0,20.8,17,1.3,0,0
4,3,aug,sun,90.2,99.6,631.2,6.3,0.691318328,0.4,0.244444444,0,0,21.5,34,2.2,0,0
4,3,aug,wed,92.1,111.2,654.1,9.6,0.655948553,0.494117647,0.544444444,0,0,20.4,42,4.9,0,0
4,3,aug,wed,92.1,111.2,654.1,9.6,0.655948553,0.494117647,0.544444444,0,0,20.4,42,4.9,0,0
4,3,aug,thu,91.7,114.3,661.3,6.3,0.565916399,0.529411765,0.4,0,0,17.6,45,3.6,0,0
4,3,sep,thu,92.9,137,706.4,9.2,0.890675241,0.282352941,0.244444444,0,0,27.7,24,2.2,0,0
4,3,sep,tue,90.3,80.7,730.2,6.3,0.572347267,0.741176471,0.544444444,0,0,17.8,63,4.9,0,0
4,3,oct,sun,92.6,46.5,691.8,8.8,0.443729904,0.588235294,0.3,0,0,13.8,50,2.7,0,0
2,2,feb,mon,84,9.3,34,2.1,0.446945338,0.470588235,0.6,0,0,13.9,40,5.4,0,0
2,2,feb,fri,86.6,13.2,43,5.3,0.395498392,0.6,0.1,0,0,12.3,51,0.9,0,0
2,2,mar,sun,89.3,51.3,102.2,9.6,0.36977492,0.458823529,0.644444444,0,0,11.5,39,5.8,0,0
2,2,mar,sun,89.3,51.3,102.2,9.6,0.176848875,0.694117647,0.7,0,0,5.5,59,6.3,0,0
2,2,aug,thu,93,75.3,466.6,7.7,0.604501608,0.411764706,0.544444444,0,0,18.8,35,4.9,0,0
2,2,aug,sun,90.2,99.6,631.2,6.3,0.668810289,0.388235294,0.3,0,0,20.8,33,2.7,0,0
2,2,aug,mon,91.1,103.2,638.8,5.8,0.742765273,0.364705882,0.344444444,0,0,23.1,31,3.1,0,0
2,2,aug,thu,91.7,114.3,661.3,6.3,0.59807074,0.517647059,0.5,0,0,18.6,44,4.5,0,0
2,2,sep,fri,92.4,117.9,668,12.2,0.739549839,0.435294118,0.5,0,0,23,37,4.5,0,0
2,2,sep,fri,92.4,117.9,668,12.2,0.63022508,0.388235294,0.6,0,0,19.6,33,5.4,0,0
2,2,sep,fri,92.4,117.9,668,12.2,0.63022508,0.388235294,0.7,0,0,19.6,33,6.3,0,0
4,5,mar,fri,91.7,33.3,77.5,9,0.553054662,0.305882353,0.5,0,0,17.2,26,4.5,0,0
4,5,mar,fri,91.2,48.3,97.8,12.5,0.508038585,0.317647059,0.844444444,0,0,15.8,27,7.6,0,0
4,5,sep,fri,94.3,85.1,692.3,15.9,0.569131833,0.435294118,0.4,0,0,17.7,37,3.6,0,0
5,4,mar,fri,91.7,33.3,77.5,9,0.501607717,0.294117647,0.7,0,0,15.6,25,6.3,0,0
5,4,aug,tue,88.8,147.3,614.5,9,0.556270096,0.505882353,0.5,0,0,17.3,43,4.5,0,0
5,4,sep,fri,93.3,141.2,713.9,13.9,0.887459807,0.352941176,0.144444444,0,0,27.6,30,1.3,0,0
9,9,feb,thu,84.2,6.8,26.6,7.7,0.215434084,0.929411765,0.344444444,0,0,6.7,79,3.1,0,0
9,9,feb,fri,86.6,13.2,43,5.3,0.504823151,0.505882353,0.344444444,0,0,15.7,43,3.1,0,0
1,3,mar,mon,87.6,52.2,103.8,5,0.266881029,0.847058824,0.344444444,0,0,8.3,72,3.1,0,0
1,2,aug,fri,90.1,108,529.8,12.5,0.47266881,0.776470588,0.3,0,0,14.7,66,2.7,0,0
1,2,aug,tue,91,121.2,561.6,7,0.694533762,0.223529412,0.744444444,0,0,21.6,19,6.7,0,0
1,2,aug,sun,91.4,142.4,601.4,10.6,0.627009646,0.458823529,0.7,0,0,19.5,39,6.3,0,0
1,2,aug,sun,90.2,99.6,631.2,6.3,0.575562701,0.517647059,0.244444444,0,0,17.9,44,2.2,0,0
1,2,aug,tue,94.8,108.3,647.1,17,0.59807074,0.6,0.5,0,0,18.6,51,4.5,0,0
1,2,aug,wed,92.1,111.2,654.1,9.6,0.533762058,0.552941176,0.1,0,0,16.6,47,0.9,0,0
1,2,aug,thu,91.7,114.3,661.3,6.3,0.649517685,0.529411765,0.4,0,0,20.2,45,3.6,0,0
1,2,sep,thu,92.9,137,706.4,9.2,0.691318328,0.176470588,0.1,0,0,21.5,15,0.9,0,0
1,2,sep,thu,92.9,137,706.4,9.2,0.816720257,0.317647059,0.244444444,0,0,25.4,27,2.2,0,0
1,2,sep,thu,92.9,137,706.4,9.2,0.720257235,0.4,0.244444444,0,0,22.4,34,2.2,0,0
1,2,sep,sun,93.5,149.3,728.6,8.1,0.813504823,0.423529412,0.4,0,0,25.3,36,3.6,0,0
6,5,mar,sat,91.7,35.8,80.8,7.8,0.559485531,0.294117647,0.544444444,0,0,17.4,25,4.9,0,0
6,5,aug,sat,90.2,96.9,624.2,8.9,0.47266881,0.694117647,0.644444444,0,0,14.7,59,5.8,0,0
8,6,mar,fri,91.7,35.8,80.8,7.8,0.559485531,0.282352941,0.6,0,0,17.4,24,5.4,0,0
8,6,aug,sun,92.3,85.3,488,14.7,0.668810289,0.376470588,0.7,0,0,20.8,32,6.3,0,0
8,6,aug,sun,91.4,142.4,601.4,10.6,0.585209003,0.505882353,0.544444444,0,0,18.2,43,4.9,0,0
8,6,aug,mon,91.1,103.2,638.8,5.8,0.752411576,0.258823529,0.3,0,0,23.4,22,2.7,0,0
4,4,sep,sun,89.7,90,704.4,4.8,0.572347267,0.752941176,0.144444444,0,0,17.8,64,1.3,0,0
3,4,feb,sat,83.9,8,30.2,2.6,0.408360129,0.564705882,0.2,0,0,12.7,48,1.8,0,0
3,4,mar,sat,69,2.4,15.5,0.7,0.559485531,0.282352941,0.6,0,0,17.4,24,5.4,0,0
3,4,aug,sun,91.4,142.4,601.4,10.6,0.372990354,1.023529412,0.5,0,0,11.6,87,4.5,0,0
3,4,aug,sun,91.4,142.4,601.4,10.6,0.636655949,0.458823529,0.6,0,0,19.8,39,5.4,0,0
3,4,aug,sun,91.4,142.4,601.4,10.6,0.636655949,0.458823529,0.6,0,0,19.8,39,5.4,0,0
3,4,aug,tue,88.8,147.3,614.5,9,0.463022508,0.776470588,0.6,0,0,14.4,66,5.4,0,0
2,4,aug,tue,94.8,108.3,647.1,17,0.646302251,0.470588235,0.444444444,0,0,20.1,40,4,0,0
2,4,sep,sat,92.5,121.1,674.4,8.6,0.774919614,0.341176471,0.5,0,0,24.1,29,4.5,0,0
2,4,jan,sat,82.1,3.7,9.3,2.9,0.170418006,0.917647059,0.344444444,0,0,5.3,78,3.1,0,0
4,5,mar,fri,85.9,19.5,57.3,2.8,0.408360129,0.611764706,0.7,0,0,12.7,52,6.3,0,0
4,5,mar,thu,91.4,30.7,74.3,7.5,0.585209003,0.341176471,0.344444444,0,0,18.2,29,3.1,0,0
4,5,aug,sun,90.2,99.6,631.2,6.3,0.688102894,0.388235294,0.344444444,0,0,21.4,33,3.1,0,0
4,5,sep,sat,92.5,88,698.6,7.1,0.652733119,0.529411765,0.344444444,0,0,20.3,45,3.1,0,0
4,5,sep,mon,88.6,91.8,709.9,7.1,0.559485531,0.658823529,0.6,0,0,17.4,56,5.4,0,0
4,4,mar,fri,85.9,19.5,57.3,2.8,0.440514469,0.505882353,0.644444444,0,0,13.7,43,5.8,0,0
3,4,mar,fri,91.7,33.3,77.5,9,0.604501608,0.211764706,0.5,0,0,18.8,18,4.5,0,0
3,4,sep,sun,89.7,90,704.4,4.8,0.733118971,0.458823529,0.4,0,0,22.8,39,3.6,0,0
3,4,sep,mon,91.8,78.5,724.3,9.2,0.607717042,0.411764706,0.3,0,0,18.9,35,2.7,0,0
3,4,mar,tue,88.1,25.7,67.6,3.8,0.508038585,0.317647059,0.844444444,0,0,15.8,27,7.6,0,0
3,5,mar,tue,88.1,25.7,67.6,3.8,0.498392283,0.317647059,0.7,0,0,15.5,27,6.3,0,0
3,4,mar,sat,91.7,35.8,80.8,7.8,0.372990354,0.352941176,0.7,0,0,11.6,30,6.3,0,0
3,4,mar,sat,91.7,35.8,80.8,7.8,0.488745981,0.317647059,0.544444444,0,0,15.2,27,4.9,0,0
3,4,mar,mon,90.1,39.7,86.6,6.2,0.340836013,0.352941176,0.444444444,0,0,10.6,30,4,0,0
3,4,aug,thu,93,75.3,466.6,7.7,0.63022508,0.423529412,0.344444444,0,0,19.6,36,3.1,0,0
3,4,aug,mon,91.5,145.4,608.2,10.7,0.331189711,0.870588235,0.244444444,0,0,10.3,74,2.2,0,0
3,4,aug,mon,91.5,145.4,608.2,10.7,0.549839228,0.505882353,0.6,0,0,17.1,43,5.4,0,0
3,4,sep,sun,92.4,124.1,680.7,8.5,0.723472669,0.494117647,0.6,0,0,22.5,42,5.4,0,0
3,4,sep,tue,84.4,73.4,671.9,3.2,0.575562701,0.529411765,0.344444444,0,0,17.9,45,3.1,0,0
3,4,sep,fri,94.3,85.1,692.3,15.9,0.636655949,0.588235294,0.6,0,0,19.8,50,5.4,0,0
3,4,oct,sun,92.6,46.5,691.8,8.8,0.662379421,0.282352941,0.6,0,0,20.6,24,5.4,0,0
3,5,mar,mon,87.6,52.2,103.8,5,0.289389068,0.576470588,0.244444444,0,0,9,49,2.2,0,0
3,5,sep,fri,93.5,149.3,728.6,8.1,0.553054662,0.505882353,0.344444444,0,0,17.2,43,3.1,0,0
3,5,oct,wed,91.4,37.9,673.8,5.2,0.511254019,0.541176471,0.4,0,0,15.9,46,3.6,0,0
2,5,oct,sun,92.6,46.5,691.8,8.8,0.495176849,0.411764706,0.1,0,0,15.4,35,0.9,0,0
4,6,feb,sat,68.2,21.5,87.2,0.8,0.495176849,0.470588235,0.3,0,0,15.4,40,2.7,0,0
4,6,mar,mon,87.2,23.9,64.7,4.1,0.450160772,0.458823529,0.344444444,0,0,14,39,3.1,0,0
4,6,mar,sun,89.3,51.3,102.2,9.6,0.340836013,0.541176471,0.544444444,0,0,10.6,46,4.9,0,0
4,6,sep,thu,93.7,80.9,685.2,17.9,0.565916399,0.494117647,0.344444444,0,0,17.6,42,3.1,0,0
3,5,mar,tue,88.1,25.7,67.6,3.8,0.479099678,0.447058824,0.3,0,0,14.9,38,2.7,0,0
3,5,aug,sat,93.5,139.4,594.2,20.3,0.565916399,0.611764706,0.644444444,0,0,17.6,52,5.8,0,0
3,6,sep,sun,92.4,124.1,680.7,8.5,0.553054662,0.682352941,0.144444444,0,0,17.2,58,1.3,0,0
3,6,sep,mon,90.9,126.5,686.5,7,0.501607717,0.776470588,0.344444444,0,0,15.6,66,3.1,0,0
9,9,jul,tue,85.8,48.3,313.4,3.9,0.578778135,0.494117647,0.3,0,0.000330021,18,42,2.7,0,0.36
1,4,sep,tue,91,129.5,692.6,7,0.697749196,0.447058824,0.244444444,0,0.000394192,21.7,38,2.2,0,0.43
2,5,sep,mon,90.9,126.5,686.5,7,0.704180064,0.458823529,0.2,0,0.000430861,21.9,39,1.8,0,0.47
1,2,aug,wed,95.5,99.9,513.3,13.2,0.749196141,0.364705882,0.5,0,0.000504199,23.3,31,4.5,0,0.55
8,6,aug,fri,90.1,108,529.8,12.5,0.681672026,0.6,0.988888889,0,0.000559202,21.2,51,8.9,0,0.61
1,2,jul,sat,90,51.3,296.3,8.7,0.533762058,0.623529412,0.6,0,0.000650875,16.6,53,5.4,0,0.71
2,5,aug,wed,95.5,99.9,513.3,13.2,0.765273312,0.376470588,0.6,0,0.000705878,23.8,32,5.4,0,0.77
6,5,aug,thu,95.2,131.7,578.8,10.4,0.881028939,0.258823529,0.444444444,0,0.000825052,27.4,22,4,0,0.9
5,4,mar,mon,90.1,39.7,86.6,6.2,0.424437299,0.470588235,0.6,0,0.000870888,13.2,40,5.4,0,0.95
8,3,sep,tue,84.4,73.4,671.9,3.2,0.778135048,0.329411765,0.4,0,0.000880056,24.2,28,3.6,0,0.96
2,2,aug,tue,94.8,108.3,647.1,17,0.559485531,0.505882353,0.744444444,0,0.000980895,17.4,43,6.7,0,1.07
8,6,sep,thu,93.7,80.9,685.2,17.9,0.762057878,0.294117647,0.5,0,0.001026732,23.7,25,4.5,0,1.12
6,5,jun,fri,92.5,56.4,433.3,7.1,0.745980707,0.458823529,0.6,0,0.001090902,23.2,39,5.4,0,1.19
9,9,jul,sun,90.1,68.6,355.2,7.2,0.797427653,0.341176471,0.244444444,0,0.001246746,24.8,29,2.2,0,1.36
3,4,jul,sat,90.1,51.2,424.1,6.2,0.790996785,0.505882353,0.2,0,0.001310916,24.6,43,1.8,0,1.43
5,4,sep,fri,94.3,85.1,692.3,15.9,0.646302251,0.552941176,0.544444444,0,0.001338418,20.1,47,4.9,0,1.46
1,5,sep,sat,93.4,145.4,721.4,8.1,0.951768489,0.317647059,0.3,0,0.001338418,29.6,27,2.7,0,1.46
7,4,aug,sun,94.8,108.3,647.1,17,0.52733119,0.552941176,0.144444444,0,0.001430091,16.4,47,1.3,0,1.56
2,4,sep,sat,93.4,145.4,721.4,8.1,0.919614148,0.317647059,0.244444444,0,0.001475927,28.6,27,2.2,0,1.61
2,2,aug,wed,92.1,111.2,654.1,9.6,0.591639871,0.529411765,0.4,0,0.001494261,18.4,45,3.6,0,1.63
2,4,aug,wed,92.1,111.2,654.1,9.6,0.659163987,0.411764706,0.444444444,0,0.001503429,20.5,35,4,0,1.64
7,4,sep,fri,92.4,117.9,668,12.2,0.610932476,0.4,0.644444444,0,0.001549265,19,34,5.8,0,1.69
7,4,mar,mon,90.1,39.7,86.6,6.2,0.517684887,0.341176471,0.344444444,0,0.001604268,16.1,29,3.1,0,1.75
6,4,aug,thu,95.2,131.7,578.8,10.4,0.652733119,0.482352941,0.444444444,0,0.001741777,20.3,41,4,0,1.9
6,3,mar,sat,90.6,50.1,100.4,7.8,0.488745981,0.364705882,0.944444444,0,0.001778446,15.2,31,8.5,0,1.94
8,6,sep,sat,92.5,121.1,674.4,8.6,0.572347267,0.658823529,0.2,0,0.001787613,17.8,56,1.8,0,1.95
8,5,sep,sun,89.7,90,704.4,4.8,0.572347267,0.788235294,0.244444444,0,0.001842617,17.8,67,2.2,0,2.01
6,5,mar,thu,84.9,18.2,55,3,0.170418006,0.823529412,0.5,0,0.001961791,5.3,70,4.5,0,2.14
6,5,aug,wed,92.1,111.2,654.1,9.6,0.533762058,0.552941176,0.1,0,0.0020993,16.6,47,0.9,0,2.29
6,5,aug,wed,96,127.1,570.5,16.5,0.752411576,0.388235294,0.5,0,0.002300979,23.4,33,4.5,0,2.51
6,5,mar,fri,91.2,48.3,97.8,12.5,0.469453376,0.305882353,1.044444444,0,0.002319314,14.6,26,9.4,0,2.53
8,6,aug,thu,95.2,131.7,578.8,10.4,0.665594855,0.529411765,0.244444444,0,0.002337648,20.7,45,2.2,0,2.55
5,4,sep,wed,92.9,133.3,699.6,9.2,0.704180064,0.411764706,0.2,0,0.002355983,21.9,35,1.8,0,2.57
8,6,aug,wed,85.6,90.4,609.6,6.6,0.559485531,0.588235294,0.444444444,0,0.00246599,17.4,50,4,0,2.69
7,4,aug,sun,91.4,142.4,601.4,10.6,0.646302251,0.458823529,0.6,0,0.002511826,20.1,39,5.4,0,2.74
4,4,sep,mon,90.9,126.5,686.5,7,0.569131833,0.458823529,0.244444444,0,0.002814345,17.7,39,2.2,0,3.07
1,4,aug,sat,90.2,96.9,624.2,8.9,0.45659164,0.623529412,0.2,0,0.003208537,14.2,53,1.8,0,3.5
1,4,aug,sat,90.2,96.9,624.2,8.9,0.652733119,0.458823529,0.544444444,0,0.004152763,20.3,39,4.9,0,4.53
6,5,apr,thu,81.5,9.1,55.2,2.7,0.186495177,0.635294118,0.644444444,0,0.004226101,5.8,54,5.8,0,4.61
2,5,aug,sun,90.2,99.6,631.2,6.3,0.617363344,0.517647059,0.3,0,0.004299439,19.2,44,2.7,0,4.69
2,5,sep,wed,90.1,82.9,735.7,6.2,0.588424437,0.529411765,0.244444444,0,0.004473617,18.3,45,2.2,0,4.88
8,6,aug,tue,88.8,147.3,614.5,9,0.463022508,0.776470588,0.6,0,0.00479447,14.4,66,5.4,0,5.23
1,3,sep,sun,92.4,124.1,680.7,8.5,0.768488746,0.376470588,0.744444444,0,0.004886143,23.9,32,6.7,0,5.33
8,6,oct,mon,84.9,32.8,664.2,3,0.61414791,0.376470588,0.444444444,0,0.004986983,19.1,32,4,0,5.44
5,4,feb,sun,86.8,15.6,48.3,3.9,0.398713826,0.623529412,0.244444444,0,0.005848704,12.4,53,2.2,0,6.38
7,4,oct,mon,91.7,48.5,696.1,11.1,0.540192926,0.529411765,0.5,0,0.00626123,16.8,45,4.5,0,6.83
8,6,aug,fri,93.9,135.7,586.7,15.1,0.668810289,0.4,0.544444444,0,0.006380404,20.8,34,4.9,0,6.96
2,5,sep,tue,91,129.5,692.6,7,0.565916399,0.541176471,0.344444444,0,0.006453742,17.6,46,3.1,0,7.04
8,6,mar,sun,89.3,51.3,102.2,9.6,0.36977492,0.458823529,0.644444444,0,0.006591251,11.5,39,5.8,0,7.19
1,5,sep,mon,90.9,126.5,686.5,7,0.675241158,0.494117647,0.244444444,0,0.00669209,21,42,2.2,0,7.3
6,4,mar,sat,90.8,41.9,89.4,7.9,0.427652733,0.494117647,0.1,0,0.006783763,13.3,42,0.9,0,7.4
7,4,mar,sun,90.7,44,92.4,5.5,0.36977492,0.705882353,0.444444444,0,0.007553812,11.5,60,4,0,8.24
6,5,mar,fri,91.2,48.3,97.8,12.5,0.376205788,0.388235294,0.444444444,0,0.007617982,11.7,33,4,0,8.31
2,5,aug,thu,95.2,131.7,578.8,10.4,0.778135048,0.329411765,0.3,0,0.007957171,24.2,28,2.7,0,8.68
2,2,aug,tue,94.8,108.3,647.1,17,0.790996785,0.258823529,0.5,0,0.007984672,24.6,22,4.5,0,8.71
4,5,sep,wed,92.9,133.3,699.6,9.2,0.781350482,0.294117647,0.444444444,0,0.00862638,24.3,25,4,0,9.41
2,2,aug,tue,94.8,108.3,647.1,17,0.790996785,0.258823529,0.5,0,0.009176415,24.6,22,4.5,0,10.01
2,5,aug,fri,93.9,135.7,586.7,15.1,0.75562701,0.423529412,0.6,0,0.009185582,23.5,36,5.4,0,10.02
6,5,apr,thu,81.5,9.1,55.2,2.7,0.186495177,0.635294118,0.644444444,0,0.010019801,5.8,54,5.8,0,10.93
4,5,sep,thu,92.9,137,706.4,9.2,0.691318328,0.176470588,0.1,0,0.010138975,21.5,15,0.9,0,11.06
3,4,sep,tue,91,129.5,692.6,7,0.446945338,0.694117647,0.7,0,0.010303986,13.9,59,6.3,0,11.24
2,4,sep,mon,63.5,70.8,665.3,0.8,0.726688103,0.447058824,0.4,0,0.010377324,22.6,38,3.6,0,11.32
1,5,sep,tue,91,129.5,692.6,7,0.694533762,0.388235294,0.244444444,0,0.010569836,21.6,33,2.2,0,11.53
6,5,mar,sun,90.1,37.6,83.7,7.2,0.398713826,0.635294118,0.4,0,0.011092369,12.4,54,3.6,0,12.1
7,4,feb,sun,83.9,8.7,32.1,2.1,0.282958199,0.8,0.244444444,0,0.011963258,8.8,68,2.2,0,13.05
8,6,oct,wed,91.4,37.9,673.8,5.2,0.649517685,0.435294118,0.3,0,0.012559129,20.2,37,2.7,0,13.7
5,6,mar,sat,90.6,50.1,100.4,7.8,0.485530547,0.752941176,0.444444444,0,0.012824979,15.1,64,4,0,13.99
4,5,sep,thu,92.9,137,706.4,9.2,0.710610932,0.4,0.2,0,0.013356679,22.1,34,1.8,0,14.57
2,2,aug,sat,93.5,139.4,594.2,20.3,0.736334405,0.364705882,0.8,0,0.014163397,22.9,31,7.2,0,15.45
7,5,sep,tue,91,129.5,692.6,7,0.665594855,0.435294118,0.244444444,0,0.015767665,20.7,37,2.2,0,17.2
6,5,sep,fri,92.4,117.9,668,12.2,0.63022508,0.388235294,0.7,0,0.017628616,19.6,33,6.3,0,19.23
8,3,sep,thu,93.7,80.9,685.2,17.9,0.745980707,0.305882353,0.544444444,0,0.021460526,23.2,26,4.9,0,23.41
4,4,oct,sat,90.6,43.7,686.9,6.7,0.591639871,0.294117647,0.344444444,0,0.02221224,18.4,25,3.1,0,24.23
7,4,aug,sat,93.5,139.4,594.2,20.3,0.163987138,1.129411765,0.644444444,0,0.023834843,5.1,96,5.8,0,26
7,4,sep,fri,94.3,85.1,692.3,15.9,0.646302251,0.552941176,0.544444444,0,0.023954017,20.1,47,4.9,0,26.13
7,3,mar,mon,87.6,52.2,103.8,5,0.353697749,0.541176471,0.644444444,0,0.025072421,11,46,5.8,0,27.35
4,4,mar,sat,91.7,35.8,80.8,7.8,0.546623794,0.317647059,0.544444444,0,0.026273331,17,27,4.9,0,28.66
4,4,mar,sat,91.7,35.8,80.8,7.8,0.546623794,0.317647059,0.544444444,0,0.026273331,17,27,4.9,0,28.66
4,4,sep,sun,92.4,124.1,680.7,8.5,0.54340836,0.705882353,0.144444444,0,0.027025045,16.9,60,1.3,0,29.48
1,3,sep,mon,88.6,91.8,709.9,7.1,0.398713826,0.858823529,0.7,0,0.027795094,12.4,73,6.3,0,30.32
4,5,sep,wed,92.9,133.3,699.6,9.2,0.623794212,0.223529412,0.144444444,0,0.029078508,19.4,19,1.3,0,31.72
6,5,mar,mon,90.1,39.7,86.6,6.2,0.488745981,0.317647059,0.344444444,0,0.02920685,15.2,27,3.1,0,31.86
8,6,aug,sun,90.2,99.6,631.2,6.3,0.520900322,0.694117647,0.344444444,0,0.029399362,16.2,59,3.1,0,32.07
3,4,sep,fri,93.3,141.2,713.9,13.9,0.59807074,0.576470588,0.4,0,0.032892083,18.6,49,3.6,0,35.88
4,3,mar,mon,87.6,52.2,103.8,5,0.353697749,0.541176471,0.644444444,0,0.033781306,11,46,5.8,0,36.85
2,2,jul,fri,88.3,150.3,309.9,6.8,0.430868167,0.929411765,0.4,0,0.033937149,13.4,79,3.6,0,37.02
7,4,sep,wed,90.1,82.9,735.7,6.2,0.495176849,0.670588235,0.5,0,0.034569689,15.4,57,4.5,0,37.71
4,4,sep,sun,93.5,149.3,728.6,8.1,0.736334405,0.458823529,0.544444444,0,0.044506985,22.9,39,4.9,0,48.55
7,5,oct,mon,91.7,48.5,696.1,11.1,0.517684887,0.517647059,0.444444444,0,0.0452587,16.1,44,4,0,49.37
8,6,aug,sat,92.2,81.8,480.8,11.9,0.646302251,0.4,0.5,0,0.053445052,20.1,34,4.5,0,58.3
4,6,sep,sun,93.5,149.3,728.6,8.1,0.909967846,0.305882353,0.344444444,0,0.058762055,28.3,26,3.1,0,64.1
8,6,aug,sat,92.2,81.8,480.8,11.9,0.52733119,0.505882353,0.444444444,0,0.065362473,16.4,43,4,0,71.3
4,4,sep,wed,92.9,133.3,699.6,9.2,0.848874598,0.247058824,0.5,0,0.081120971,26.4,21,4.5,0,88.49
1,5,sep,sun,93.5,149.3,728.6,8.1,0.893890675,0.317647059,0.344444444,0,0.087253859,27.8,27,3.1,0,95.18
6,4,sep,tue,91,129.5,692.6,7,0.601286174,0.505882353,0.3,0,0.094780169,18.7,43,2.7,0,103.39
9,4,sep,tue,84.4,73.4,671.9,3.2,0.781350482,0.423529412,0.344444444,0,0.096861135,24.3,36,3.1,0,105.66
4,5,sep,sat,92.5,121.1,674.4,8.6,0.569131833,0.294117647,0.344444444,0,0.141982326,17.7,25,3.1,0,154.88
8,6,aug,sun,91.4,142.4,601.4,10.6,0.63022508,0.482352941,0.644444444,0,0.180118074,19.6,41,5.8,0,196.48
2,2,sep,sat,92.5,121.1,674.4,8.6,0.585209003,0.541176471,0.2,0,0.184206666,18.2,46,1.8,0,200.94
1,2,sep,tue,91,129.5,692.6,7,0.604501608,0.470588235,0.244444444,0,0.19515236,18.8,40,2.2,0,212.88
6,5,sep,sat,92.5,121.1,674.4,8.6,0.807073955,0.317647059,0.444444444,0,1,25.1,27,4,0,1090.84
7,5,apr,sun,81.9,3,7.9,3.5,0.430868167,0.882352941,0.2,0,0,13.4,75,1.8,0,0
6,3,apr,wed,88,17.2,43.5,3.8,0.488745981,0.6,0.3,0,0,15.2,51,2.7,0,0
4,4,apr,fri,83,23.3,85.3,2.3,0.536977492,0.235294118,0.344444444,0,0,16.7,20,3.1,0,0
2,4,aug,sun,94.2,122.3,589.9,12.9,0.495176849,0.776470588,0.444444444,0,0.009286421,15.4,66,4,0,10.13
7,4,aug,sun,91.8,175.1,700.7,13.8,0.704180064,0.858823529,0.844444444,0.15625,0,21.9,73,7.6,1,0
2,4,aug,sun,91.8,175.1,700.7,13.8,0.720257235,0.635294118,0.844444444,0,0.002631,22.4,54,7.6,0,2.87
3,4,aug,sun,91.8,175.1,700.7,13.8,0.861736334,0.447058824,0.7,0,0.000696711,26.8,38,6.3,0,0.76
5,4,aug,sun,91.8,175.1,700.7,13.8,0.826366559,0.458823529,0.6,0,8.25052E-05,25.7,39,5.4,0,0.09
2,4,aug,wed,92.2,91.6,503.6,9.6,0.665594855,0.823529412,0.244444444,0,0.000687544,20.7,70,2.2,0,0.75
8,6,aug,wed,93.1,157.3,666.7,13.5,0.922829582,0.329411765,0.3,0,0,28.7,28,2.7,0,0
3,4,aug,wed,93.1,157.3,666.7,13.5,0.697749196,0.470588235,0.044444444,0,0.00226431,21.7,40,0.4,0,2.47
8,5,aug,wed,93.1,157.3,666.7,13.5,0.861736334,0.294117647,0.344444444,0,0.000623373,26.8,25,3.1,0,0.68
8,5,aug,wed,93.1,157.3,666.7,13.5,0.77170418,0.423529412,0.344444444,0,0.000220014,24,36,3.1,0,0.24
6,5,aug,wed,93.1,157.3,666.7,13.5,0.710610932,0.435294118,0.4,0,0.000192512,22.1,37,3.6,0,0.21
7,4,aug,thu,91.9,109.2,565.5,8,0.688102894,0.447058824,0.3,0,0.001393422,21.4,38,2.7,0,1.52
6,3,aug,thu,91.6,138.1,621.7,6.3,0.607717042,0.482352941,0.344444444,0,0.009478934,18.9,41,3.1,0,10.34
2,5,aug,thu,87.5,77,694.8,5,0.717041801,0.541176471,0.444444444,0,0,22.3,46,4,0,0
8,6,aug,sat,94.2,117.2,581.1,11,0.768488746,0.482352941,0.244444444,0,0.007352132,23.9,41,2.2,0,8.02
4,3,aug,sat,94.2,117.2,581.1,11,0.688102894,0.517647059,0.3,0,0.000623373,21.4,44,2.7,0,0.68
3,4,aug,sat,91.8,170.9,692.3,13.7,0.662379421,0.694117647,0.1,0,0,20.6,59,0.9,0,0
7,4,aug,sat,91.8,170.9,692.3,13.7,0.762057878,0.470588235,0.2,0,0.00126508,23.7,40,1.8,0,1.38
2,4,aug,mon,93.6,97.9,542,14.4,0.909967846,0.376470588,0.444444444,0,0.008113014,28.3,32,4,0,8.85
3,4,aug,fri,91.6,112.4,573,8.9,0.360128617,0.988235294,0.844444444,0,0.003025192,11.2,84,7.6,0,3.3
2,4,aug,fri,91.6,112.4,573,8.9,0.688102894,0.494117647,0.344444444,0,0.00389608,21.4,42,3.1,0,4.25
6,3,aug,fri,91.1,141.1,629.1,7.1,0.620578778,0.458823529,0.4,0,0.001430091,19.3,39,3.6,0,1.56
4,4,aug,fri,94.3,167.6,684.4,13,0.70096463,0.623529412,0.344444444,0,0.00599538,21.8,53,3.1,0,6.54
4,4,aug,tue,93.7,102.2,550.3,14.6,0.710610932,0.635294118,0.844444444,0,0.000724213,22.1,54,7.6,0,0.79
6,5,aug,tue,94.3,131.7,607.1,22.7,0.623794212,0.647058824,0.444444444,0,0.000155843,19.4,55,4,0,0.17
2,2,aug,tue,92.1,152.6,658.2,14.3,0.762057878,0.282352941,0.344444444,0,0,23.7,24,3.1,0,0
3,4,aug,tue,92.1,152.6,658.2,14.3,0.675241158,0.376470588,0.344444444,0,0,21,32,3.1,0,0
4,4,aug,tue,92.1,152.6,658.2,14.3,0.61414791,0.623529412,0.3,0,0.004033589,19.1,53,2.7,0,4.4
2,2,aug,tue,92.1,152.6,658.2,14.3,0.70096463,0.658823529,0.344444444,0,0.000476697,21.8,56,3.1,0,0.52
8,6,aug,tue,92.1,152.6,658.2,14.3,0.646302251,0.682352941,0.5,0,0.008498038,20.1,58,4.5,0,9.27
2,5,aug,tue,92.1,152.6,658.2,14.3,0.649517685,0.552941176,0.444444444,0,0.002832679,20.2,47,4,0,3.09
4,6,dec,sun,84.4,27.2,353.5,6.8,0.154340836,0.670588235,0.944444444,0,0.008232188,4.8,57,8.5,0,8.98
8,6,dec,wed,84,27.8,354.6,5.3,0.163987138,0.717647059,0.888888889,0,0.01025815,5.1,61,8,0,11.19
4,6,dec,thu,84.6,26.4,352,2,0.163987138,0.717647059,0.544444444,0,0.004931979,5.1,61,4.9,0,5.38
4,4,dec,mon,85.4,25.4,349.7,2.6,0.147909968,0.247058824,0.944444444,0,0.016363536,4.6,21,8.5,0,17.85
3,4,dec,mon,85.4,25.4,349.7,2.6,0.147909968,0.247058824,0.944444444,0,0.009836456,4.6,21,8.5,0,10.73
4,4,dec,mon,85.4,25.4,349.7,2.6,0.147909968,0.247058824,0.944444444,0,0.020195446,4.6,21,8.5,0,22.03
4,4,dec,mon,85.4,25.4,349.7,2.6,0.147909968,0.247058824,0.944444444,0,0.008956401,4.6,21,8.5,0,9.77
4,6,dec,fri,84.7,26.7,352.6,4.1,0.07073955,0.694117647,0.544444444,0,0.008498038,2.2,59,4.9,0,9.27
6,5,dec,tue,85.4,25.4,349.7,2.6,0.163987138,0.282352941,0.944444444,0,0.022707271,5.1,24,8.5,0,24.77
6,3,feb,sun,84.9,27.5,353.5,3.4,0.135048232,0.6,0.444444444,0,0,4.2,51,4,0,0
3,4,feb,wed,86.9,6.6,18.7,3.2,0.282958199,0.411764706,0.344444444,0,0.001008397,8.8,35,3.1,0,1.1
5,4,feb,fri,85.2,4.9,15.8,6.3,0.241157556,0.541176471,0.888888889,0,0.022221407,7.5,46,8,0,24.24
2,5,jul,sun,93.9,169.7,411.8,12.3,0.752411576,0.470588235,0.7,0,0,23.4,40,6.3,0,0
7,6,jul,wed,91.2,183.1,437.7,12.5,0.405144695,1.058823529,0.844444444,0.03125,0,12.6,90,7.6,0.2,0
7,4,jul,sat,91.6,104.2,474.9,9,0.710610932,0.576470588,0.3,0,0,22.1,49,2.7,0,0
7,4,jul,sat,91.6,104.2,474.9,9,0.778135048,0.376470588,0.2,0,0,24.2,32,1.8,0,0
7,4,jul,sat,91.6,104.2,474.9,9,0.781350482,0.352941176,0.2,0,0,24.3,30,1.8,0,0
2,5,jul,sat,91.6,104.2,474.9,9,0.601286174,0.623529412,0.2,0,0,18.7,53,1.8,0,0
9,4,jul,sat,91.6,104.2,474.9,9,0.813504823,0.458823529,0.1,0,0.007333798,25.3,39,0.9,0,8
4,5,jul,fri,91.6,100.2,466.3,6.3,0.736334405,0.470588235,0.144444444,0,0.002420153,22.9,40,1.3,0,2.64
7,6,jul,tue,93.1,180.4,430.8,11,0.864951768,0.329411765,0.6,0,0.079250853,26.9,28,5.4,0,86.45
8,6,jul,tue,92.3,88.8,440.9,8.5,0.549839228,0.788235294,0.4,0,0.006022881,17.1,67,3.6,0,6.57
7,5,jun,sun,93.1,180.4,430.8,11,0.713826367,0.564705882,0.144444444,0,0,22.2,48,1.3,0,0
6,4,jun,sun,90.4,89.5,290.8,6.4,0.459807074,0.541176471,0.2,0,0.000825052,14.3,46,1.8,0,0.9
8,6,jun,sun,90.4,89.5,290.8,6.4,0.495176849,0.529411765,0.244444444,0,0,15.4,45,2.2,0,0
8,6,jun,wed,91.2,147.8,377.2,12.7,0.63022508,0.505882353,0.544444444,0,0,19.6,43,4.9,0,0
6,5,jun,sat,53.4,71,233.8,0.4,0.340836013,1.058823529,0.3,0,0,10.6,90,2.7,0,0
6,5,jun,mon,90.4,93.3,298.1,7.5,0.665594855,0.294117647,0.544444444,0,0,20.7,25,4.9,0,0
6,5,jun,mon,90.4,93.3,298.1,7.5,0.61414791,0.458823529,0.6,0,0.003226871,19.1,39,5.4,0,3.52
3,6,jun,fri,91.1,94.1,232.1,7.1,0.617363344,0.447058824,0.5,0,0,19.2,38,4.5,0,0
3,6,jun,fri,91.1,94.1,232.1,7.1,0.617363344,0.447058824,0.5,0,0,19.2,38,4.5,0,0
6,5,may,sat,85.1,28,113.8,3.5,0.363344051,1.105882353,0.544444444,0,0,11.3,94,4.9,0,0
1,4,sep,sun,89.6,84.1,714.3,5.7,0.610932476,0.611764706,0.244444444,0,0,19,52,2.2,0,0
7,4,sep,sun,89.6,84.1,714.3,5.7,0.549839228,0.623529412,0.6,0,0.000375857,17.1,53,5.4,0,0.41
3,4,sep,sun,89.6,84.1,714.3,5.7,0.765273312,0.411764706,0.4,0,0.004748634,23.8,35,3.6,0,5.18
2,4,sep,sun,92.4,105.8,758.1,9.9,0.514469453,0.529411765,0.2,0,0,16,45,1.8,0,0
2,4,sep,sun,92.4,105.8,758.1,9.9,0.800643087,0.317647059,0.244444444,0,0,24.9,27,2.2,0,0
7,4,sep,sun,92.4,105.8,758.1,9.9,0.813504823,0.317647059,0.3,0,0,25.3,27,2.7,0,0
6,3,sep,sun,92.4,105.8,758.1,9.9,0.797427653,0.329411765,0.2,0,0.013099996,24.8,28,1.8,0,14.29
2,4,sep,sun,50.4,46.2,706.6,0.4,0.392282958,0.917647059,0.7,0,0,12.2,78,6.3,0,0
6,5,sep,wed,92.6,115.4,777.1,8.8,0.781350482,0.317647059,0.544444444,0,0,24.3,27,4.9,0,0
4,4,sep,wed,92.6,115.4,777.1,8.8,0.633440514,0.482352941,0.2,0,0.001448425,19.7,41,1.8,0,1.58
3,4,sep,wed,91.2,134.7,817.5,7.2,0.594855305,0.352941176,0.3,0,0,18.5,30,2.7,0,0
4,5,sep,thu,92.4,96.2,739.4,8.6,0.59807074,0.282352941,0.644444444,0,0,18.6,24,5.8,0,0
4,4,sep,thu,92.4,96.2,739.4,8.6,0.617363344,0.282352941,0.544444444,0,0.003465219,19.2,24,4.9,0,3.78
6,5,sep,thu,92.8,119,783.5,7.5,0.694533762,0.317647059,0.244444444,0,0,21.6,27,2.2,0,0
5,4,sep,thu,92.8,119,783.5,7.5,0.694533762,0.329411765,0.7,0,0.004042756,21.6,28,6.3,0,4.41
6,3,sep,thu,92.8,119,783.5,7.5,0.607717042,0.4,0.8,0,0.031498662,18.9,34,7.2,0,34.36
1,4,sep,thu,92.8,119,783.5,7.5,0.540192926,0.329411765,0.444444444,0,0.006609585,16.8,28,4,0,7.21
6,5,sep,thu,92.8,119,783.5,7.5,0.540192926,0.329411765,0.444444444,0,0.000925892,16.8,28,4,0,1.01
3,5,sep,thu,90.7,136.9,822.8,6.8,0.414790997,0.458823529,0.3,0,0.00199846,12.9,39,2.7,0,2.18
6,5,sep,thu,88.1,53.3,726.9,5.4,0.440514469,0.658823529,0.2,0,0.004051923,13.7,56,1.8,0,4.42
1,4,sep,sat,92.2,102.3,751.5,8.4,0.778135048,0.317647059,0.344444444,0,0,24.2,27,3.1,0,0
5,4,sep,sat,92.2,102.3,751.5,8.4,0.774919614,0.317647059,0.344444444,0,0,24.1,27,3.1,0,0
6,5,sep,sat,92.2,102.3,751.5,8.4,0.681672026,0.376470588,0.244444444,0,0,21.2,32,2.2,0,0
6,5,sep,sat,92.2,102.3,751.5,8.4,0.633440514,0.411764706,0.2,0,0,19.7,35,1.8,0,0
4,3,sep,sat,92.2,102.3,751.5,8.4,0.75562701,0.317647059,0.444444444,0,0.003052693,23.5,27,4,0,3.33
3,3,sep,sat,92.2,102.3,751.5,8.4,0.778135048,0.317647059,0.344444444,0,0.006032049,24.2,27,3.1,0,6.58
7,4,sep,sat,91.2,124.4,795.3,8.5,0.691318328,0.329411765,0.5,0,0.014337575,21.5,28,4.5,0,15.64
4,4,sep,sat,91.2,124.4,795.3,8.5,0.549839228,0.482352941,0.244444444,0,0.010285651,17.1,41,2.2,0,11.22
1,4,sep,mon,92.1,87.7,721.1,9.5,0.581993569,0.635294118,0.344444444,0,0.001952624,18.1,54,3.1,0,2.13
2,3,sep,mon,91.6,108.4,764,6.2,0.578778135,0.6,0.6,0,0,18,51,5.4,0,0
4,3,sep,mon,91.6,108.4,764,6.2,0.31511254,1.011764706,0.2,0,0,9.8,86,1.8,0,0
7,4,sep,mon,91.6,108.4,764,6.2,0.620578778,0.517647059,0.244444444,0,0,19.3,44,2.2,0,0
6,3,sep,mon,91.6,108.4,764,6.2,0.739549839,0.4,0.244444444,0,0.051373254,23,34,2.2,0,56.04
8,6,sep,mon,91.6,108.4,764,6.2,0.729903537,0.411764706,0.244444444,0,0.006857101,22.7,35,2.2,0,7.48
2,4,sep,mon,91.6,108.4,764,6.2,0.655948553,0.482352941,0.2,0,0.001347585,20.4,41,1.8,0,1.47
2,5,sep,mon,91.6,108.4,764,6.2,0.620578778,0.517647059,0.244444444,0,0.003602728,19.3,44,2.2,0,3.93
8,6,sep,mon,91.9,111.7,770.3,6.5,0.504823151,0.6,0.244444444,0,0,15.7,51,2.2,0,0
6,3,sep,mon,91.5,130.1,807.1,7.5,0.662379421,0.435294118,0.2,0,0,20.6,37,1.8,0,0
8,6,sep,mon,91.5,130.1,807.1,7.5,0.511254019,0.6,0.5,0,0.00199846,15.9,51,4.5,0,2.18
6,3,sep,mon,91.5,130.1,807.1,7.5,0.392282958,0.776470588,0.544444444,0,0.005592021,12.2,66,4.9,0,6.1
2,2,sep,mon,91.5,130.1,807.1,7.5,0.540192926,0.505882353,0.344444444,0,0.005344505,16.8,43,3.1,0,5.83
1,4,sep,mon,91.5,130.1,807.1,7.5,0.68488746,0.411764706,0.244444444,0,0.02584247,21.3,35,2.2,0,28.19
5,4,sep,fri,92.1,99,745.3,9.6,0.324758842,0.882352941,0.4,0,0,10.1,75,3.6,0,0
3,4,sep,fri,92.1,99,745.3,9.6,0.559485531,0.670588235,0.5,0,0,17.4,57,4.5,0,0
5,4,sep,fri,92.1,99,745.3,9.6,0.411575563,0.752941176,0.4,0,0.001503429,12.8,64,3.6,0,1.64
5,4,sep,fri,92.1,99,745.3,9.6,0.324758842,0.882352941,0.4,0,0.003401049,10.1,75,3.6,0,3.71
4,4,sep,fri,92.1,99,745.3,9.6,0.495176849,0.623529412,0.7,0,0.006701258,15.4,53,6.3,0,7.31
7,4,sep,fri,92.1,99,745.3,9.6,0.662379421,0.505882353,0.4,0,0.001860951,20.6,43,3.6,0,2.03
7,4,sep,fri,92.1,99,745.3,9.6,0.636655949,0.552941176,0.3,0,0.001576767,19.8,47,2.7,0,1.72
7,4,sep,fri,92.1,99,745.3,9.6,0.601286174,0.588235294,0.244444444,0,0.005472847,18.7,50,2.2,0,5.97
4,4,sep,fri,92.1,99,745.3,9.6,0.668810289,0.411764706,0.544444444,0,0.011972425,20.8,35,4.9,0,13.06
4,4,sep,fri,92.1,99,745.3,9.6,0.668810289,0.411764706,0.544444444,0,0.001155073,20.8,35,4.9,0,1.26
6,3,sep,fri,92.5,122,789.7,10.2,0.511254019,0.647058824,0.4,0,0,15.9,55,3.6,0,0
6,3,sep,fri,92.5,122,789.7,10.2,0.633440514,0.458823529,0.3,0,0,19.7,39,2.7,0,0
1,4,sep,fri,92.5,122,789.7,10.2,0.678456592,0.458823529,0.244444444,0,0.007443805,21.1,39,2.2,0,8.12
6,5,sep,fri,92.5,122,789.7,10.2,0.591639871,0.494117647,0.244444444,0,0.00099923,18.4,42,2.2,0,1.09
4,3,sep,fri,92.5,122,789.7,10.2,0.556270096,0.529411765,0.444444444,0,0.003611895,17.3,45,4,0,3.94
7,4,sep,fri,88.2,55.2,732.3,11.6,0.488745981,0.752941176,0.344444444,0,0.000476697,15.2,64,3.1,0,0.52
4,3,sep,tue,91.9,111.7,770.3,6.5,0.511254019,0.623529412,0.244444444,0,0.002686003,15.9,53,2.2,0,2.93
6,5,sep,tue,91.9,111.7,770.3,6.5,0.678456592,0.411764706,0.3,0,0.005179495,21.1,35,2.7,0,5.65
6,5,sep,tue,91.9,111.7,770.3,6.5,0.63022508,0.529411765,0.344444444,0,0.018361996,19.6,45,3.1,0,20.03
4,5,sep,tue,91.1,132.3,812.1,12.5,0.511254019,0.447058824,0.6,0,0.001604268,15.9,38,5.4,0,1.75
4,5,sep,tue,91.1,132.3,812.1,12.5,0.52733119,0.317647059,0.4,0,0,16.4,27,3.6,0,0
6,5,sep,sat,91.2,94.3,744.4,8.4,0.540192926,0.552941176,0.544444444,0,0.011587401,16.8,47,4.9,0,12.64
4,5,sep,sun,91,276.3,825.1,7.1,0.443729904,0.905882353,0.844444444,0,0,13.8,77,7.6,0,0
7,4,sep,sun,91,276.3,825.1,7.1,0.443729904,0.905882353,0.844444444,0,0.010138975,13.8,77,7.6,0,11.06
3,4,jul,wed,91.9,133.6,520.5,8,0.45659164,0.682352941,0.444444444,0,0,14.2,58,4,0,0
4,5,aug,sun,92,203.2,664.5,8.1,0.334405145,0.882352941,0.1,0,0,10.4,75,0.9,0,0
5,4,aug,thu,94.8,222.4,698.6,13.9,0.652733119,0.494117647,0.3,0,0,20.3,42,2.7,0,0
6,5,sep,fri,90.3,290,855.3,7.4,0.331189711,0.917647059,0.444444444,0,0.016776062,10.3,78,4,0,18.3
6,5,sep,sat,91.2,94.3,744.4,8.4,0.495176849,0.670588235,0.544444444,0,0.036073118,15.4,57,4.9,0,39.35
8,6,aug,mon,92.1,207,672.6,8.2,0.678456592,0.635294118,0.244444444,0,0,21.1,54,2.2,0,0
2,2,aug,sat,93.7,231.1,715.1,8.4,0.704180064,0.494117647,0.244444444,0,0.160087639,21.9,42,2.2,0,174.63
6,5,mar,thu,90.9,18.9,30.6,8,0.279742765,0.6,0.644444444,0,0,8.7,51,5.8,0,0
4,5,jan,sun,18.7,1.1,171.4,0,0.167202572,1.176470588,0.1,0,0,5.2,100,0.9,0,0
5,4,jul,wed,93.7,101.3,458.8,11.9,0.620578778,0.458823529,0.8,0,0.007086282,19.3,39,7.2,0,7.73
8,6,aug,thu,90.7,194.1,643,6.8,0.520900322,0.741176471,0.3,0,0.014970115,16.2,63,2.7,0,16.33
8,6,aug,wed,95.2,217.7,690,18,0.906752412,0.341176471,0.2,0,0.005372007,28.2,29,1.8,0,5.86
9,6,aug,thu,91.6,248.4,753.8,6.3,0.659163987,0.682352941,0.3,0,0.039299989,20.5,58,2.7,0,42.87
8,4,aug,sat,91.6,273.8,819.1,7.7,0.68488746,0.517647059,0.5,0,0.011165707,21.3,44,4.5,0,12.18
2,4,aug,sun,91.6,181.3,613,7.6,0.672025723,0.588235294,0.244444444,0,0.014667596,20.9,50,2.2,0,16
3,4,sep,sun,90.5,96.7,750.5,11.4,0.662379421,0.647058824,0.6,0,0.022542261,20.6,55,5.4,0,24.59
5,5,mar,thu,90.9,18.9,30.6,8,0.372990354,0.564705882,0.6,0,0,11.6,48,5.4,0,0
6,4,aug,fri,94.8,227,706.7,12,0.749196141,0.4,0.344444444,0,0.026346669,23.3,34,3.1,0,28.74
7,4,aug,fri,94.8,227,706.7,12,0.749196141,0.4,0.344444444,0,0,23.3,34,3.1,0,0
7,4,feb,mon,84.7,9.5,58.3,4.1,0.241157556,0.835294118,0.7,0,0.009130578,7.5,71,6.3,0,9.96
8,6,sep,fri,91.1,91.3,738.1,7.2,0.665594855,0.541176471,0.3,0,0.027666752,20.7,46,2.7,0,30.18
1,3,sep,sun,91,276.3,825.1,7.1,0.704180064,0.505882353,0.444444444,0,0.064867442,21.9,43,4,0,70.76
2,4,mar,tue,93.4,15,25.6,11.4,0.488745981,0.223529412,0.844444444,0,0,15.2,19,7.6,0,0
6,5,feb,mon,84.1,4.6,46.7,2.2,0.170418006,0.8,0.2,0,0,5.3,68,1.8,0,0
4,5,feb,sun,85,9,56.9,3.5,0.324758842,0.729411765,0.2,0,0.047468006,10.1,62,1.8,0,51.78
4,3,sep,sun,90.5,96.7,750.5,11.4,0.655948553,0.647058824,0.544444444,0,0.003336878,20.4,55,4.9,0,3.64
5,6,aug,sun,91.6,181.3,613,7.6,0.781350482,0.388235294,0.4,0,0.003327711,24.3,33,3.6,0,3.63
1,2,aug,sat,93.7,231.1,715.1,8.4,0.832797428,0.376470588,0.344444444,0,0,25.9,32,3.1,0,0
9,5,jun,wed,93.3,49.5,297.7,14,0.900321543,0.4,0.5,0,0,28,34,4.5,0,0
9,5,jun,wed,93.3,49.5,297.7,14,0.900321543,0.4,0.5,0,0.007480474,28,34,4.5,0,8.16
3,4,sep,thu,91.1,88.2,731.7,8.3,0.733118971,0.541176471,0.444444444,0,0.004537787,22.8,46,4,0,4.95
9,9,aug,fri,94.8,227,706.7,12,0.803858521,0.423529412,0.444444444,0,0,25,36,4,0,0
8,6,aug,thu,90.7,194.1,643,6.8,0.68488746,0.482352941,0.4,0,0,21.3,41,3.6,0,0
2,4,sep,wed,87.9,84.8,725.1,3.7,0.70096463,0.4,0.244444444,0,0.005537017,21.8,34,2.2,0,6.04
2,2,aug,tue,94.6,212.1,680.9,9.5,0.897106109,0.317647059,0.244444444,0,0,27.9,27,2.2,0,0
6,5,sep,sat,87.1,291.3,860.6,4,0.546623794,0.788235294,0.544444444,0,0.003621063,17,67,4.9,0,3.95
4,5,feb,sat,84.7,8.2,55,2.9,0.45659164,0.541176471,0.444444444,0,0,14.2,46,4,0,0
4,3,sep,fri,90.3,290,855.3,7.4,0.639871383,0.517647059,0.344444444,0,0.007150453,19.9,44,3.1,0,7.8
1,4,jul,tue,92.3,96.2,450.2,12.1,0.752411576,0.364705882,0.6,0,0,23.4,31,5.4,0,0
6,3,feb,fri,84.1,7.3,52.8,2.7,0.47266881,0.494117647,0.3,0,0,14.7,42,2.7,0,0
7,4,feb,fri,84.6,3.2,43.6,3.3,0.263665595,0.623529412,1.044444444,0,0.004235268,8.2,53,9.4,0,4.62
9,4,jul,mon,92.3,92.1,442.1,9.8,0.733118971,0.317647059,0.5,0,0.001494261,22.8,27,4.5,0,1.63
7,5,aug,sat,93.7,231.1,715.1,8.4,0.848874598,0.388235294,0.4,0,0,26.4,33,3.6,0,0
5,4,aug,sun,93.6,235.1,723.1,10.1,0.774919614,0.588235294,0.444444444,0,0,24.1,50,4,0,0
8,6,aug,thu,94.8,222.4,698.6,13.9,0.884244373,0.317647059,0.544444444,0,0.684133328,27.5,27,4.9,0,746.28
6,3,jul,tue,92.7,164.1,575.8,8.9,0.845659164,0.458823529,0.344444444,0,0.006435408,26.3,39,3.1,0,7.02
6,5,mar,wed,93.4,17.3,28.3,9.9,0.443729904,0.282352941,0.644444444,0,0,13.8,24,5.8,0,0
2,4,aug,sun,92,203.2,664.5,8.1,0.800643087,0.494117647,0.6,0,0.002236808,24.9,42,5.4,0,2.44
2,5,aug,sun,91.6,181.3,613,7.6,0.797427653,0.423529412,0.444444444,0,0.00279601,24.8,36,4,0,3.05
8,8,aug,wed,91.7,191.4,635.9,7.8,0.84244373,0.423529412,0.5,0,0.170290785,26.2,36,4.5,0,185.76
2,4,aug,wed,95.2,217.7,690,18,0.990353698,0.223529412,0.5,0,0,30.8,19,4.5,0,0
8,6,jul,sun,88.9,263.1,795.9,5.2,0.942122186,0.317647059,0.4,0,0.005775366,29.3,27,3.6,0,6.3
1,3,sep,sat,91.2,94.3,744.4,8.4,0.717041801,0.564705882,0.444444444,0,0.000660042,22.3,48,4,0,0.72
8,6,aug,sat,93.7,231.1,715.1,8.4,0.864951768,0.364705882,0.4,0,0.004546955,26.9,31,3.6,0,4.96
2,2,aug,thu,91.6,248.4,753.8,6.3,0.655948553,0.658823529,0.244444444,0,0,20.4,56,2.2,0,0
8,6,aug,thu,91.6,248.4,753.8,6.3,0.655948553,0.658823529,0.244444444,0,0,20.4,56,2.2,0,0
2,4,aug,mon,92.1,207,672.6,8.2,0.897106109,0.388235294,0.244444444,0,0.002154303,27.9,33,2.2,0,2.35
1,3,aug,thu,94.8,222.4,698.6,13.9,0.84244373,0.4,0.644444444,0,0,26.2,34,5.8,0,0
3,4,aug,sun,91.6,181.3,613,7.6,0.790996785,0.517647059,0.444444444,0,0.002933519,24.6,44,4,0,3.2
7,4,sep,thu,89.7,287.2,849.3,6.8,0.623794212,0.529411765,0.4,0,0,19.4,45,3.6,0,0
1,3,aug,sat,92.1,178,605.3,9.6,0.749196141,0.470588235,0.444444444,0,0.005830369,23.3,40,4,0,6.36
8,6,aug,thu,94.8,222.4,698.6,13.9,0.768488746,0.447058824,0.744444444,0,0,23.9,38,6.7,0,0
2,4,aug,sun,93.6,235.1,723.1,10.1,0.672025723,0.776470588,0.544444444,0,0.014062557,20.9,66,4.9,0,15.34
1,4,aug,fri,90.6,269.8,811.2,5.5,0.713826367,0.529411765,0.4,0,0,22.2,45,3.6,0,0
2,5,jul,sat,90.8,84.7,376.6,5.6,0.765273312,0.6,0.2,0,0,23.8,51,1.8,0,0
8,6,aug,mon,92.1,207,672.6,8.2,0.861736334,0.411764706,0.144444444,0,0.000495031,26.8,35,1.3,0,0.54
8,6,aug,sat,89.4,253.6,768.4,9.7,0.45659164,0.858823529,0.3,0,0,14.2,73,2.7,0,0
2,5,aug,sat,93.7,231.1,715.1,8.4,0.758842444,0.623529412,0.444444444,0,0.00589454,23.6,53,4,0,6.43
1,3,sep,fri,91.1,91.3,738.1,7.2,0.61414791,0.541176471,0.244444444,0,0.000302519,19.1,46,2.2,0,0.33
5,4,sep,fri,90.3,290,855.3,7.4,0.520900322,0.682352941,0.4,0,0,16.2,58,3.6,0,0
8,6,aug,mon,92.1,207,672.6,8.2,0.819935691,0.341176471,0.2,0,0.001127571,25.5,29,1.8,0,1.23
6,5,apr,mon,87.9,24.9,41.6,3.7,0.350482315,0.752941176,0.344444444,0,0.003071028,10.9,64,3.1,0,3.35
1,2,jul,fri,90.7,80.9,368.3,16.8,0.475884244,0.917647059,0.888888889,0,0,14.8,78,8,0,0
2,5,sep,fri,90.3,290,855.3,7.4,0.520900322,0.682352941,0.4,0,0.009130578,16.2,58,3.6,0,9.96
5,5,aug,sun,94,47.9,100.7,10.7,0.556270096,0.941176471,0.5,0,0,17.3,80,4.5,0,0
6,5,aug,sun,92,203.2,664.5,8.1,0.61414791,0.823529412,0.244444444,0,0,19.1,70,2.2,0,0
3,4,mar,wed,93.4,17.3,28.3,9.9,0.286173633,0.411764706,0.888888889,0,0,8.9,35,8,0,0
7,4,sep,wed,89.7,284.9,844,10.1,0.337620579,0.905882353,0.444444444,0,0,10.5,77,4,0,0
7,4,aug,sun,91.6,181.3,613,7.6,0.620578778,0.717647059,0.544444444,0,0,19.3,61,4.9,0,0
4,5,aug,wed,95.2,217.7,690,18,0.752411576,0.576470588,0.6,0,0.00589454,23.4,49,5.4,0,6.43
1,4,aug,fri,90.5,196.8,649.9,16.3,0.379421222,1.035294118,0.544444444,0,0.008901397,11.8,88,4.9,0,9.71
7,4,aug,mon,91.5,238.2,730.6,7.5,0.569131833,0.764705882,0.444444444,0,0,17.7,65,4,0,0
4,5,aug,thu,89.4,266.2,803.3,5.6,0.559485531,0.635294118,0.344444444,0,0,17.4,54,3.1,0,0
3,4,aug,thu,91.6,248.4,753.8,6.3,0.540192926,0.658823529,0.344444444,0,0,16.8,56,3.1,0,0
3,4,jul,mon,94.6,160,567.2,16.7,0.575562701,0.564705882,0.3,0,0,17.9,48,2.7,0,0
2,4,aug,thu,91.6,248.4,753.8,6.3,0.533762058,0.694117647,0.3,0,0,16.6,59,2.7,0,0
1,4,aug,wed,91.7,191.4,635.9,7.8,0.639871383,0.588235294,0.444444444,0,0.075858971,19.9,50,4,0,82.75
8,6,aug,sat,93.7,231.1,715.1,8.4,0.607717042,0.752941176,0.544444444,0,0.003043526,18.9,64,4.9,0,3.32
7,4,aug,sat,91.6,273.8,819.1,7.7,0.498392283,0.847058824,0.888888889,0,0.001778446,15.5,72,8,0,1.94
2,5,aug,sat,93.7,231.1,715.1,8.4,0.607717042,0.752941176,0.544444444,0,0,18.9,64,4.9,0,0
8,6,aug,sat,93.7,231.1,715.1,8.4,0.607717042,0.752941176,0.544444444,0,0,18.9,64,4.9,0,0
1,4,sep,sun,91,276.3,825.1,7.1,0.466237942,0.894117647,0.844444444,0,0.003401049,14.5,76,7.6,0,3.71
6,5,feb,tue,75.1,4.4,16.2,1.9,0.147909968,0.964705882,0.7,0,0.004941146,4.6,82,6.3,0,5.39
6,4,feb,tue,75.1,4.4,16.2,1.9,0.163987138,0.905882353,0.6,0,0.001961791,5.1,77,5.4,0,2.14
2,2,feb,sat,79.5,3.6,15.3,1.8,0.147909968,0.694117647,0.1,0,0.006270397,4.6,59,0.9,0,6.84
6,5,mar,mon,87.2,15.1,36.9,7.1,0.327974277,0.529411765,0.644444444,0,0.002915185,10.2,45,5.8,0,3.18
3,4,mar,wed,90.2,18.5,41.1,7.3,0.360128617,0.482352941,0.6,0,0.005087822,11.2,41,5.4,0,5.55
6,5,mar,thu,91.3,20.6,43.5,8.5,0.427652733,0.317647059,0.4,0,0.00605955,13.3,27,3.6,0,6.61
6,3,apr,sun,91,14.6,25.6,12.3,0.440514469,0.388235294,1.044444444,0,0.056039382,13.7,33,9.4,0,61.13
5,4,apr,sun,91,14.6,25.6,12.3,0.565916399,0.317647059,0.644444444,0,0,17.6,27,5.8,0,0
4,3,may,fri,89.6,25.4,73.7,5.7,0.578778135,0.470588235,0.444444444,0,0.035275567,18,40,4,0,38.48
8,3,jun,mon,88.2,96.2,229,4.7,0.459807074,0.929411765,0.444444444,0,0.001778446,14.3,79,4,0,1.94
9,4,jun,sat,90.5,61.1,252.6,9.4,0.78778135,0.588235294,0.344444444,0,0.064464083,24.5,50,3.1,0,70.32
4,3,jun,thu,93,103.8,316.7,10.8,0.848874598,0.411764706,0.3,0,0.009240585,26.4,35,2.7,0,10.08
2,5,jun,thu,93.7,121.7,350.2,18,0.729903537,0.470588235,1.044444444,0,0.002924352,22.7,40,9.4,0,3.19
4,3,jul,thu,93.5,85.3,395,9.9,0.874598071,0.329411765,0.144444444,0,0.001613436,27.2,28,1.3,0,1.76
4,3,jul,sun,93.7,101.3,423.4,14.7,0.839228296,0.529411765,0.444444444,0,0.006747094,26.1,45,4,0,7.36
7,4,jul,sun,93.7,101.3,423.4,14.7,0.585209003,0.964705882,0.5,0,0.002025962,18.2,82,4.5,0,2.21
7,4,jul,mon,89.2,103.9,431.6,6.4,0.726688103,0.670588235,0.544444444,0,0.255335338,22.6,57,4.9,0,278.53
9,9,jul,thu,93.2,114.4,560,9.5,0.971061093,0.294117647,0.5,0,0.002520993,30.2,25,4.5,0,2.75
4,3,jul,thu,93.2,114.4,560,9.5,0.971061093,0.258823529,0.544444444,0,0,30.2,22,4.9,0,0
3,4,aug,sun,94.9,130.3,587.1,14.1,0.752411576,0.470588235,0.644444444,0,0.001182575,23.4,40,5.8,0,1.29
8,6,aug,sun,94.9,130.3,587.1,14.1,0.996784566,0.317647059,0.6,0,0,31,27,5.4,0,0
2,5,aug,sun,94.9,130.3,587.1,14.1,1.064308682,0.294117647,0.444444444,0,0.024229035,33.1,25,4,0,26.43
2,4,aug,mon,95,135.5,596.3,21.3,0.98392283,0.329411765,0.4,0,0.00189762,30.6,28,3.6,0,2.07
5,4,aug,tue,95.1,141.3,605.8,17.7,0.774919614,0.505882353,0.7,0,0.001833449,24.1,43,6.3,0,2
5,4,aug,tue,95.1,141.3,605.8,17.7,0.848874598,0.4,0.4,0,0.015034286,26.4,34,3.6,0,16.4
4,4,aug,tue,95.1,141.3,605.8,17.7,0.623794212,0.835294118,0.844444444,0,0.042811045,19.4,71,7.6,0,46.7
4,4,aug,wed,95.1,141.3,605.8,17.7,0.662379421,0.682352941,0.144444444,0,0,20.6,58,1.3,0,0
4,4,aug,wed,95.1,141.3,605.8,17.7,0.922829582,0.388235294,0.444444444,0,0,28.7,33,4,0,0
4,4,aug,thu,95.8,152,624.1,13.8,1.041800643,0.247058824,0.5,0,0,32.4,21,4.5,0,0
1,3,aug,fri,95.9,158,633.6,11.3,1.041800643,0.317647059,0.244444444,0,0,32.4,27,2.2,0,0
1,3,aug,fri,95.9,158,633.6,11.3,0.884244373,0.341176471,0.5,0,0.039712515,27.5,29,4.5,0,43.32
6,6,aug,sat,96,164,643,14,0.990353698,0.352941176,0.544444444,0,0.007874665,30.8,30,4.9,0,8.59
6,6,aug,mon,96.2,175.5,661.8,16.8,0.768488746,0.494117647,0.244444444,0,0,23.9,42,2.2,0,0
4,5,aug,mon,96.2,175.5,661.8,16.8,1.048231511,0.305882353,0.344444444,0,0.002539327,32.6,26,3.1,0,2.77
3,4,aug,tue,96.1,181.1,671.2,14.3,1.038585209,0.317647059,0.244444444,0,0.013457519,32.3,27,2.2,0,14.68
6,5,aug,tue,96.1,181.1,671.2,14.3,1.07073955,0.305882353,0.3,0,0.03716402,33.3,26,2.7,0,40.54
7,5,aug,tue,96.1,181.1,671.2,14.3,0.877813505,0.741176471,0.544444444,1,0.009918962,27.3,63,4.9,6.4,10.82
8,6,aug,tue,96.1,181.1,671.2,14.3,0.694533762,0.764705882,0.544444444,0.125,0,21.6,65,4.9,0.8,0
7,5,aug,tue,96.1,181.1,671.2,14.3,0.694533762,0.764705882,0.544444444,0.125,0,21.6,65,4.9,0.8,0
4,4,aug,tue,96.1,181.1,671.2,14.3,0.665594855,0.811764706,0.544444444,0.0625,0,20.7,69,4.9,0.4,0
2,4,aug,wed,94.5,139.4,689.1,20,0.938906752,0.352941176,0.544444444,0,0.001787613,29.2,30,4.9,0,1.95
4,3,aug,wed,94.5,139.4,689.1,20,0.92926045,0.341176471,0.544444444,0,0.045460379,28.9,29,4.9,0,49.59
1,2,aug,thu,91,163.2,744.4,10.1,0.8585209,0.411764706,0.2,0,0.005317003,26.7,35,1.8,0,5.8
1,2,aug,fri,91,166.9,752.6,7.1,0.594855305,0.858823529,0.944444444,0,0,18.5,73,8.5,0,0
2,4,aug,fri,91,166.9,752.6,7.1,0.832797428,0.482352941,0.4,0,0,25.9,41,3.6,0,0
1,2,aug,fri,91,166.9,752.6,7.1,0.832797428,0.482352941,0.4,0,0,25.9,41,3.6,0,0
5,4,aug,fri,91,166.9,752.6,7.1,0.678456592,0.835294118,0.844444444,0.21875,0.001989293,21.1,71,7.6,1.4,2.17
6,5,aug,fri,91,166.9,752.6,7.1,0.585209003,0.729411765,0.6,0,0.000394192,18.2,62,5.4,0,0.43
8,6,aug,sun,81.6,56.7,665.6,1.9,0.893890675,0.411764706,0.3,0,0,27.8,35,2.7,0,0
4,3,aug,sun,81.6,56.7,665.6,1.9,0.893890675,0.376470588,0.3,0,0.005903707,27.8,32,2.7,0,6.44
2,4,aug,sun,81.6,56.7,665.6,1.9,0.704180064,0.835294118,0.644444444,0,0.049768985,21.9,71,5.8,0,54.29
7,4,aug,sun,81.6,56.7,665.6,1.9,0.681672026,0.823529412,0.744444444,0,0.010230648,21.2,70,6.7,0,11.16
1,4,aug,sat,94.4,146,614.7,11.3,0.823151125,0.494117647,0.444444444,0,0,25.6,42,4,0,0
6,3,nov,tue,79.5,3,106.7,1.1,0.379421222,0.364705882,0.5,0,0,11.8,31,4.5,0,0
